{"_runtime":1,"batch":15,"_timestamp":1.7624429816668532e+09,"_step":15,"batch_loss":0.08966347575187683,"_wandb":{"runtime":1}}