{"_step":37503,"batch_loss":0.015026580542325974,"_wandb":{"runtime":2711},"_runtime":2711,"batch":37503,"_timestamp":1.762435131291491e+09}