{"batch":4218,"_timestamp":1.76244356717345e+09,"_step":4218,"batch_loss":0.4249081313610077,"_runtime":284,"_wandb":{"runtime":284}}