{"_runtime":1503,"batch_loss":0.5050007700920105,"batch":23344,"_timestamp":1.760540121050668e+09,"_step":23344,"_wandb":{"runtime":1503}}